,Name,Artist,Date,Genre,GrammyAward,Energy,Danceability,Tempo,Valence,Peak.position,Weeks.on.chart,Avg.rank
0,'TIL SUMMER COMES AROUND,KEITH URBAN,2010,COUNTRY,1,-1.0,-1.0,-1.0,-1.0,-1.0,-1.0,-1.0
1,24 FRAMES,JASON ISBELL,2015,AMERICAN ROOTS MUSIC,1,-1.0,-1.0,-1.0,-1.0,-1.0,-1.0,-1.0
2,24K MAGIC,BRUNO MARS,2017,GENERAL,1,0.803,0.818,106.97,0.632,4.0,41.0,21.4390243902439
3,500 MILES HIGH,CHICK COREA,2011,JAZZ,1,-1.0,-1.0,-1.0,-1.0,-1.0,-1.0,-1.0
4,99 PROBLEMS,JAY Z,2004,RAP,1,0.887,0.494,89.554,0.548,30.0,12.0,61.583333333333336
5,ADORN,MIGUEL,2012,R&B,1,0.576,0.625,179.063,0.235,17.0,33.0,36.06060606060606
6,AGAIN,LENNY KRAVITZ,2000,ROCK,1,0.834,0.751,95.053,0.894,4.0,32.0,18.75
7,AIN'T NO OTHER MAN,CHRISTINA AGUILERA,2012,POP,1,0.898,0.681,127.966,0.626,6.0,20.0,19.555555555555557
8,AIN'T IT FUN,PARAMORE,2014,ROCK,1,0.815,0.534,103.911,0.67,10.0,24.0,29.958333333333332
9,ALRIGHT,KENDRICK LAMAR,2015,RAP,1,0.766,0.796,110.034,0.558,81.0,14.0,88.0
10,AMERICAN WOMAN,LENNY KRAVITZ,1999,ROCK,1,0.744,0.627,83.894,0.577,49.0,21.0,65.0
11,ANGEL,LALAH HATHAWAY,2016,R&B,1,-1.0,-1.0,-1.0,-1.0,-1.0,-1.0,-1.0
12,ANGRY WORLD,NEIL YOUNG,2010,ROCK,1,-1.0,-1.0,-1.0,-1.0,-1.0,-1.0,-1.0
13,B.Y.O.B.,SYSTEM OF A DOWN,2005,ROCK,1,0.981,0.538,101.414,0.711,27.0,20.0,60.25
14,BAD ROMANCE,LADY GAGA,2010,POP,1,0.921,0.696,119.001,0.714,2.0,35.0,16.085714285714285
15,BANGARANG,SKRILLEX ,2012,DANCE/ELECTRONIC MUSIC,1,0.972,0.716,110.026,0.576,72.0,20.0,85.3
16,BARTON HOLLOW,THE CIVIL WARS,2011,COUNTRY,1,-1.0,-1.0,-1.0,-1.0,-1.0,-1.0,-1.0
17,BE OK,WILLI.AM,2008,R&B,1,-1.0,-1.0,-1.0,-1.0,-1.0,-1.0,-1.0
18,BE WITHOUT YOU,MARY J BLIGE,2006,R&B,2,0.7,0.726,146.559,0.673,3.0,33.0,20.454545454545453
19,BEAUTIFUL,CHRISTINA AGUILERA,2003,POP,1,0.573,0.456,76.19,0.0992,2.0,27.0,17.962962962962962
20,BEAUTIFUL DAY,U2,2000,ROCK,1,0.926,0.539,136.279,0.454,21.0,25.0,40.64
21,BEFORE HE CHEATS,CARRIE UNDERWOOD,2007,COUNTRY,2,0.749,0.519,147.905,0.29,8.0,64.0,29.07936507936508
22,BEFORE I FORGET,SLIPKNOT,2005,ROCK,1,-1.0,-1.0,-1.0,-1.0,-1.0,-1.0,-1.0
23,BELIEVE,CHER,1999,POP,1,0.395,0.363,110.379,0.165,1.0,31.0,41.0
24,BEST PART,HE.R. ,2018,R&B,1,-1.0,-1.0,-1.0,-1.0,-1.0,-1.0,-1.0
25,BETTER MAN,LITTLE BIG TOWN,2017,COUNTRY,1,0.114,0.288,132.121,0.0532,34.0,20.0,52.5
26,BITTERSWEET,FANTASIA,2010,R&B,1,0.872,0.443,142.045,0.211,74.0,12.0,86.91666666666667
27,BLACKSTAR,DAVID BOWIE,2016,ROCK,2,0.552,0.366,97.98,0.114,100.0,1.0,78.0
28,BLAME IT,CHRISETTE MICHELE,2009,R&B,1,-1.0,-1.0,-1.0,-1.0,-1.0,-1.0,-1.0
29,BLESS THE BROKEN ROAD,RASCAL FLATTS,2005,COUNTRY,1,0.45,0.591,135.893,0.344,29.0,20.0,44.75
30,BLOWN AWAY,CARRIE UNDERWOOD,2012,COUNTRY,2,0.843,0.531,136.991,0.392,20.0,22.0,39.40909090909091
31,BODY AND SOUL,TONY BENNETT,2011,POP,1,0.249,0.342,94.746,0.203,100.0,1.0,87.0
32,BOO'D UP,ELLA MAI,2018,R&B,1,0.344,0.735,90.008,0.654,5.0,35.0,24.65714285714286
33,BOULEVARD OF BROKEN DREAMS,GREEN DAY,2005,GENERAL,1,0.827,0.29,167.086,0.45,2.0,36.0,21.235294117647058
34,BRAND NEW DAY,STING,1999,POP,1,-1.0,-1.0,-1.0,-1.0,-1.0,-1.0,-1.0
35,BREATHE,FAITH HILL,2000,COUNTRY,1,0.496,0.529,136.859,0.278,2.0,53.0,23.764705882352942
36,BRING ME TO LIFE,EVANESCENCE ,2003,ROCK,1,0.943,0.331,94.612,0.296,5.0,32.0,21.09375
37,BROKEN HALOS,CHRIS STAPLETON,2017,COUNTRY,1,0.564,0.613,78.388,0.538,45.0,20.0,73.25
38,BUBBLIN,ANDERSON PAAK,2018,RAP,1,-1.0,-1.0,-1.0,-1.0,-1.0,-1.0,-1.0
39,BUTTERFLIES,KACEY MUSGRAVES,2018,COUNTRY,1,-1.0,-1.0,-1.0,-1.0,-1.0,-1.0,-1.0
40,CALL MY NAME,PRINCE,2004,R&B,1,0.574,0.622,113.984,0.405,75.0,18.0,87.66666666666667
41,CAN'T STOP THE FEELING!,JAMMY JAMS,2016,COMPOSING/ARRANGING,1,-1.0,-1.0,-1.0,-1.0,-1.0,-1.0,-1.0
42,CHASING PAVEMENTS,ADELE,2008,POP,1,0.47,0.616,80.03,0.325,21.0,7.0,75.57142857142857
43,CHEROKEE,CHRISTIAN MCBRIDE,2015,JAZZ,1,-1.0,-1.0,-1.0,-1.0,-1.0,-1.0,-1.0
44,CHOICES,GEORGE JONES,1999,COUNTRY,1,-1.0,-1.0,-1.0,-1.0,-1.0,-1.0,-1.0
45,CIRICE,GHOST,2015,ROCK,1,-1.0,-1.0,-1.0,-1.0,-1.0,-1.0,-1.0
46,CITY OF BLINDING LIGHTS,U2,2004,ROCK,1,-1.0,-1.0,-1.0,-1.0,-1.0,-1.0,-1.0
47,CLARITY,ZEDD ,2013,DANCE/ELECTRONIC MUSIC,1,0.781,0.509,128.0,0.176,8.0,33.0,31.757575757575758
48,CLIMAX,USHER,2012,R&B,1,0.478,0.647,135.877,0.333,17.0,20.0,37.65
49,CLOCKS,COLDPLAY,2003,GENERAL,1,0.749,0.577,130.97,0.255,29.0,22.0,43.45454545454545
50,COME INTO MY WORLD,KYLIE MINOGUE,2003,DANCE/ELECTRONIC MUSIC,1,0.926,0.756,125.022,0.833,91.0,8.0,93.0
51,COME ON OVER,SHANIA TWAIN,1999,COUNTRY,1,0.915,0.829,118.903,0.779,58.0,10.0,64.6
52,COUSIN DUPREE,STEELY DAN,2000,POP,1,-1.0,-1.0,-1.0,-1.0,-1.0,-1.0,-1.0
53,CRACK A BOTTLE,EMINEM,2009,RAP,1,0.874,0.516,169.561,0.391,1.0,17.0,40.76470588235294
54,CRANES IN THE SKY,SOLANGE,2016,R&B,1,0.615,0.719,96.988,0.465,74.0,2.0,86.5
55,CRAWLING,LINKIN PARK,2001,ROCK,1,0.927,0.588,93.571,0.652,79.0,20.0,88.1
56,CRAZY,GNARLS BARKLEY,2006,R&B,1,0.741,0.835,111.963,0.612,2.0,29.0,19.75
57,CROSS MY MIND,JILL SCOTT,2004,R&B,1,-1.0,-1.0,-1.0,-1.0,-1.0,-1.0,-1.0
58,CRY,FAITH HILL,2002,COUNTRY,1,0.654,0.624,73.898,0.564,33.0,26.0,52.08
59,CRY ME A RIVER,JUSTIN TIMBERLAKE,2003,POP,1,0.654,0.624,73.898,0.564,3.0,20.0,17.94736842105263
60,D.O.A. (DEATH OF AUTO-TUNE),JAY Z,2009,RAP,1,-1.0,-1.0,-1.0,-1.0,-1.0,-1.0,-1.0
61,DANCE WITH MY FATHER,LUTHER VANDROSS,2003,R&B,1,0.341,0.739,80.958,0.231,38.0,20.0,50.05
62,DANCIN' 4 CHICKEN,TERENCE BLANCHARD,2008,JAZZ,1,-1.0,-1.0,-1.0,-1.0,-1.0,-1.0,-1.0
63,DANGEROUSLY IN LOVE 2,BEYONCÉ,2003,R&B,1,-1.0,-1.0,-1.0,-1.0,-1.0,-1.0,-1.0
64,DANI CALIFORNIA,RED HOT CHILI PEPPERS,2006,ROCK,2,0.913,0.556,96.184,0.73,6.0,26.0,20.423076923076923
65,DAUGHTERS,JOHN MAYER,2004,POP,1,0.404,0.687,124.912,0.509,19.0,23.0,34.08695652173913
66,DAYDREAMIN',LUPE FIASCO ,2007,R&B,1,-1.0,-1.0,-1.0,-1.0,-1.0,-1.0,-1.0
67,DAYS GO BY,DIRTY VEGAS,2002,DANCE/ELECTRONIC MUSIC,1,0.853,0.786,126.99,0.309,14.0,20.0,42.85
68,DIAMONDS FROM SIERRA LEONE,KANYE WEST,2005,RAP,1,0.814,0.672,97.043,0.379,43.0,19.0,71.26315789473684
69,DIG IN,LENNY KRAVITZ,2001,ROCK,1,0.921,0.671,118.424,0.825,31.0,20.0,52.75
70,DISORDER IN THE HOUSE,BRUCE SPRINGSTEEN,2003,ROCK,1,-1.0,-1.0,-1.0,-1.0,-1.0,-1.0,-1.0
71,DISRESPECTFUL,MARY J BLIGE,2007,R&B,1,-1.0,-1.0,-1.0,-1.0,-1.0,-1.0,-1.0
72,DISSIDENT AGGRESSOR,JUDAS PRIEST,1977,ROCK,1,-1.0,-1.0,-1.0,-1.0,-1.0,-1.0,-1.0
73,DON'T FENCE ME IN,JOHN DAVERSA,2008,JAZZ,1,-1.0,-1.0,-1.0,-1.0,-1.0,-1.0,-1.0
74,DON'T KNOW WHY,NORAH JONES,2017,POP,1,0.641,0.639,120.927,0.0725,30.0,31.0,53.54838709677419
75,DON'T LET ME DOWN,THE CHAINSMOKERS ,2016,DANCE/ELECTRONIC MUSIC,1,0.888,0.562,159.573,0.454,3.0,52.0,21.692307692307693
76,DON'T LET ME BE LONELY TONIGHT,JAMES TAYLOR,2009,POP,1,-1.0,-1.0,-1.0,-1.0,-1.0,-1.0,-1.0
77,DON'T PHUNK WITH MY HEART,THE BLACK EYED PEAS,2020,RAP,1,0.666,0.711,131.106,0.663,3.0,26.0,20.0
78,DON'T WANNA FIGHT,ALABAMA SHAKES,2015,ROCK,1,-1.0,-1.0,-1.0,-1.0,-1.0,-1.0,-1.0
79,DON'T WANNA FIGHT,JOHN HEINRICH,2015,ROCK,1,-1.0,-1.0,-1.0,-1.0,-1.0,-1.0,-1.0
80,DROPS OF JUPITER,TRAIN,2001,ROCK,1,0.638,0.481,79.064,0.497,5.0,53.0,26.81132075471698
81,DRUNK IN LOVE,BEYONCÉ,2014,R&B,1,-1.0,-1.0,-1.0,-1.0,-1.0,-1.0,-1.0
82,DYSTOPIA,MEGADETH,2016,ROCK,1,-1.0,-1.0,-1.0,-1.0,-1.0,-1.0,-1.0
83,EARNED IT (FIFTY SHADES OF GREY),THE WEEKND,2015,R&B,1,-1.0,-1.0,-1.0,-1.0,-1.0,-1.0,-1.0
84,EITHER WAY,CHRIS STAPLETON,2017,COUNTRY,1,0.0645,0.655,129.399,0.278,89.0,2.0,93.0
85,EL DORADO,IRON MAIDEN,2010,ROCK,1,-1.0,-1.0,-1.0,-1.0,-1.0,-1.0,-1.0
86,ELECTRIC MESSIAH,HIGH ON FIRE,2018,ROCK,1,-1.0,-1.0,-1.0,-1.0,-1.0,-1.0,-1.0
87,ELECTRICITY,SILK CITY,2018,DANCE/ELECTRONIC MUSIC,1,0.67,0.588,118.159,0.505,62.0,10.0,85.8
88,ELEVATION,U2,2001,ROCK,1,-1.0,-1.0,-1.0,-1.0,-1.0,-1.0,-1.0
89,ELITE,DEFTONES,2000,ROCK,1,-1.0,-1.0,-1.0,-1.0,-1.0,-1.0,-1.0
90,EMPIRE STATE OF MIND,JAY Z,2010,RAP,1,0.956,0.491,173.585,0.811,1.0,30.0,13.7
91,EYES OF THE INSANE,SLAYER,2006,ROCK,1,-1.0,-1.0,-1.0,-1.0,-1.0,-1.0,-1.0
92,FALLIN',ALICIA KEYS,2001,R&B,2,0.609,0.652,95.986,0.482,1.0,34.0,20.941176470588236
93,FAMILY AFFAIR,HANS ZIMMER,2006,R&B,1,-1.0,-1.0,-1.0,-1.0,-1.0,-1.0,-1.0
94,FEEL GOOD INC.,GORILLAZ ,2005,POP,1,0.705,0.818,138.559,0.772,14.0,45.0,32.37777777777778
95,FEEL IT STILL,PORTUGAL THE MAN,2017,POP,1,0.795,0.801,79.028,0.754,4.0,45.0,28.704545454545453
96,FINAL SIX,SLAYER,2007,ROCK,1,-1.0,-1.0,-1.0,-1.0,-1.0,-1.0,-1.0
97,FINGERPRINTS,CHICK COREA,2014,JAZZ,1,-1.0,-1.0,-1.0,-1.0,-1.0,-1.0,-1.0
98,FOOL FOR YOU,CEELO GREEN,2011,R&B,2,-1.0,-1.0,-1.0,-1.0,-1.0,-1.0,-1.0
99,FOR ONCE IN MY LIFE,TONY BENNETT,2006,POP,1,-1.0,-1.0,-1.0,-1.0,-1.0,-1.0,-1.0
100,FORGOT ABOUT DRE,DR DRE ,1999,RAP,1,-1.0,-1.0,-1.0,-1.0,-1.0,-1.0,-1.0
101,FROM THE BOTTOM OF MY HEART,STEVIE WONDER,2005,POP,1,-1.0,-1.0,-1.0,-1.0,-1.0,-1.0,-1.0
102,FROM THIS VALLEY,THE CIVIL WARS,2013,COUNTRY,1,-1.0,-1.0,-1.0,-1.0,-1.0,-1.0,-1.0
103,FUCK YOU,CEE LO GREEN,2010,R&B,1,-1.0,-1.0,-1.0,-1.0,-1.0,-1.0,-1.0
104,FUTURE BABY MAMA,PRINCE,2007,R&B,1,-1.0,-1.0,-1.0,-1.0,-1.0,-1.0,-1.0
105,GALVANIZE,THE CHEMICAL BROTHERS ,2005,DANCE/ELECTRONIC MUSIC,1,-1.0,-1.0,-1.0,-1.0,-1.0,-1.0,-1.0
106,GENTLE ON MY MIND,JOHN MAILANDER,2014,COUNTRY,1,-1.0,-1.0,-1.0,-1.0,-1.0,-1.0,-1.0
107,GET LUCKY,DAFT PUNK ,2013,POP,1,0.811,0.794,116.047,0.862,2.0,29.0,13.379310344827585
108,GET RIGHT WITH GOD,LUCINDA WILLIAMS,2001,ROCK,1,-1.0,-1.0,-1.0,-1.0,-1.0,-1.0,-1.0
109,GET UR FREAK ON,"MISSY ""MISDEMEANOR"" ELLIOTT",2001,RAP,1,0.75,0.797,177.87,0.74,7.0,25.0,24.72
110,GIRL CRUSH,NEW POLITICS,2015,COUNTRY,1,-1.0,-1.0,-1.0,-1.0,-1.0,-1.0,-1.0
111,GIRL CRUSH,LITTLE BIG TOWN,2015,COUNTRY,1,0.225,0.5,173.788,0.355,18.0,24.0,43.583333333333336
112,GIRLS IN THEIR SUMMER CLOTHES,BRUCE SPRINGSTEEN,2008,ROCK,1,0.76,0.439,113.102,0.673,100.0,1.0,95.0
113,GIVE MY LOVE TO ROSE,JOHNNY CASH,2002,COUNTRY,1,-1.0,-1.0,-1.0,-1.0,-1.0,-1.0,-1.0
114,GLORY,LIL WAYNE,2015,COMPOSING/ARRANGING,1,-1.0,-1.0,-1.0,-1.0,-1.0,-1.0,-1.0
115,GOD PROVIDES,TAMELA MANN,2016,GOSPEL/CONTEMPORARY CHRISTIAN MUSIC,1,-1.0,-1.0,-1.0,-1.0,-1.0,-1.0,-1.0
116,GOD IS DEAD?,BLACK SABBATH,2013,ROCK,1,-1.0,-1.0,-1.0,-1.0,-1.0,-1.0,-1.0
117,GOD'S PLAN,DRAKE,2018,RAP,1,0.449,0.754,77.169,0.357,1.0,36.0,10.25
118,GOLD DIGGER,KANYE WEST,2005,RAP,1,0.696,0.629,93.034,0.623,1.0,39.0,20.236842105263158
119,GONE GONE GONE (DONE MOVED ON),ALISON KRAUSS,2007,POP,1,-1.0,-1.0,-1.0,-1.0,-1.0,-1.0,-1.0
120,GOOD LIFE,KANYE WEST ,2007,RAP,1,0.808,0.439,82.962,0.487,7.0,21.0,15.666666666666666
121,GRAVEDIGGER,DAVE MATTHEWS,2003,ROCK,1,-1.0,-1.0,-1.0,-1.0,-1.0,-1.0,-1.0
122,GUERRILLA RADIO,RAGE AGAINST THE MACHINE,1999,ROCK,1,0.957,0.599,103.68,0.489,69.0,20.0,87.35
123,HALO,BEYONCÉ,2009,POP,1,-1.0,-1.0,-1.0,-1.0,-1.0,-1.0,-1.0
124,HAPPY (LIVE),PHARRELL WILLIAMS,2014,POP,1,0.723,0.778,129.989,0.966,1.0,47.0,18.06382978723404
125,HARDER BETTER FASTER STRONGER,DAFT PUNK,2001,DANCE/ELECTRONIC MUSIC,1,-1.0,-1.0,-1.0,-1.0,-1.0,-1.0,-1.0
126,HE THINK I DON'T KNOW,MARY J BLIGE,2002,R&B,1,-1.0,-1.0,-1.0,-1.0,-1.0,-1.0,-1.0
127,HE WASN'T MAN ENOUGH,TONI BRAXTON,2000,R&B,1,0.947,0.739,88.009,0.766,2.0,37.0,21.0
128,HEAVEN,JOHN LEGEND,2006,R&B,1,-1.0,-1.0,-1.0,-1.0,-1.0,-1.0,-1.0
129,HEAVEN,LOS LONELY BOYS,2004,POP,1,0.816,0.653,91.894,0.802,16.0,30.0,28.93103448275862
130,HELLO,ADELE,2016,POP,1,0.43,0.578,78.991,0.288,1.0,26.0,8.153846153846153
131,HERE WE GO AGAIN,NORAH JONES,2004,POP,1,-1.0,-1.0,-1.0,-1.0,-1.0,-1.0,-1.0
132,HERE TO STAY,KORN,2002,ROCK,1,0.947,0.564,100.002,0.351,72.0,12.0,83.83333333333333
133,HEY BABY,NO DOUBT,2002,POP,1,0.872,0.705,93.628,0.75,5.0,20.0,22.6
134,HEY YA!,OUTKAST,2003,R&B,1,0.974,0.727,79.526,0.965,1.0,32.0,15.64516129032258
135,"HEY, SOUL SISTER (LIVE)",TRAIN,2011,POP,1,0.876,0.628,96.994,0.826,3.0,54.0,24.814814814814813
136,HOLY SPIRIT,RYAN ELLIS,2015,GOSPEL/CONTEMPORARY CHRISTIAN MUSIC,1,-1.0,-1.0,-1.0,-1.0,-1.0,-1.0,-1.0
137,HOT HOUSE,CHICK COREA,2012,JAZZ,1,-1.0,-1.0,-1.0,-1.0,-1.0,-1.0,-1.0
138,HOT IN HERRE,NELLY,2002,RAP,1,0.745,0.956,107.075,0.912,1.0,26.0,10.461538461538462
139,HOTLINE BLING,DRAKE,2016,RAP,2,0.375,0.719,116.657,0.149,2.0,36.0,16.25
140,HOUSE OF MERCY,SARAH JAROSZ,2016,AMERICAN ROOTS MUSIC,1,-1.0,-1.0,-1.0,-1.0,-1.0,-1.0,-1.0
141,HOW DEEP IS YOUR LOVE,PJ MORTON ,2018,R&B,1,-1.0,-1.0,-1.0,-1.0,-1.0,-1.0,-1.0
142,HOW FAR I'LL GO,AULI'I CRAVALHO,2017,COMPOSING/ARRANGING,1,0.307,0.571,83.72,0.108,41.0,20.0,62.85
143,HUMBLE AND KIND,TIM MCGRAW,2016,COUNTRY,1,0.48,0.355,100.956,0.137,30.0,20.0,52.9
144,HUMBLE.,KENDRICK LAMAR,2017,RAP,2,0.621,0.908,150.011,0.421,1.0,37.0,19.486486486486488
145,I'M LIKE A BIRD,NELLY FURTADO,2012,POP,1,0.865,0.545,89.588,0.56,9.0,24.0,31.625
146,I'M NOT GONNA MISS YOU,GLEN CAMPBELL,2020,COUNTRY,1,0.455,0.445,109.885,0.151,100.0,1.0,90.0
147,IF WE WERE VAMPIRES,JASON ISBELL AND THE 400 UNIT,2017,AMERICAN ROOTS MUSIC,1,-1.0,-1.0,-1.0,-1.0,-1.0,-1.0,-1.0
148,IF I AIN'T GOT YOU,ALICIA KEYS,2004,R&B,1,0.274,0.535,118.363,0.464,4.0,40.0,15.4
149,IMAGINE,MARCOS YAROIDE,2010,POP,1,-1.0,-1.0,-1.0,-1.0,-1.0,-1.0,-1.0
150,IN MY PLACE,COLDPLAY,2002,ROCK,1,-1.0,-1.0,-1.0,-1.0,-1.0,-1.0,-1.0
151,IRON MAN,BLACK SABBATH,1999,ROCK,1,-1.0,-1.0,-1.0,-1.0,-1.0,-1.0,-1.0
152,IS THIS LOVE,CORINNE BAILEY RAE,2011,R&B,1,-1.0,-1.0,-1.0,-1.0,-1.0,-1.0,-1.0
153,"IS YOU IS, OR IS YOU AIN'T (MY BABY)",STEVE LALLIER'S TUXEDO JUNCTION,2000,POP,1,-1.0,-1.0,-1.0,-1.0,-1.0,-1.0,-1.0
154,IT'S FIVE O'CLOCK SOMEWHERE,ALAN JACKSON,2003,COUNTRY,1,0.773,0.713,125.194,0.888,17.0,20.0,33.5
155,IT'S NOT RIGHT BUT IT'S OKAY,WHITNEY HOUSTON,2021,R&B,1,-1.0,-1.0,-1.0,-1.0,-1.0,-1.0,-1.0
156,I’M SO LONESOME I COULD CRY,JOHN SCOFIELD,2016,JAZZ,1,-1.0,-1.0,-1.0,-1.0,-1.0,-1.0,-1.0
157,JESUS CHILDREN,TIMMY SINGERS,2014,R&B,1,-1.0,-1.0,-1.0,-1.0,-1.0,-1.0,-1.0
158,JESUS WALKS,KANYE WEST,2004,RAP,1,0.834,0.637,87.312,0.715,11.0,25.0,28.333333333333332
159,"JESUS, TAKE THE WHEEL",CARRIE UNDERWOOD,2006,COUNTRY,2,0.518,0.359,76.572,0.135,20.0,24.0,33.833333333333336
160,JOANNE (WHERE DO YOU THINK YOU'RE GOIN'?),LADY GAGA,2018,POP,1,-1.0,-1.0,-1.0,-1.0,-1.0,-1.0,-1.0
161,JOLENE,PENTATONIX ,2016,COUNTRY,1,-1.0,-1.0,-1.0,-1.0,-1.0,-1.0,-1.0
162,JUST THE WAY YOU ARE,BRUNO MARS,2010,POP,1,0.841,0.635,109.021,0.424,1.0,48.0,18.708333333333332
163,KEEP ON THE SUNNY SIDE,JUNE CARTER CASH,2003,COUNTRY,1,-1.0,-1.0,-1.0,-1.0,-1.0,-1.0,-1.0
164,KID SISTER,THE TIME JUMPERS,2016,AMERICAN ROOTS MUSIC,1,-1.0,-1.0,-1.0,-1.0,-1.0,-1.0,-1.0
165,KILLER DILLER BLUES,ALABAMA SHAKES,2017,AMERICAN ROOTS MUSIC,1,-1.0,-1.0,-1.0,-1.0,-1.0,-1.0,-1.0
166,LADY MARMALADE,CHRISTINA AGUILERA,2001,POP,1,0.808,0.756,109.902,0.638,1.0,20.0,18.38888888888889
167,LAKE BY THE OCEAN,MAXWELL,2016,R&B,1,-1.0,-1.0,-1.0,-1.0,-1.0,-1.0,-1.0
168,LAST NAME,CARRIE UNDERWOOD,2008,COUNTRY,1,0.869,0.395,159.833,0.688,19.0,20.0,53.55
169,LAZARETTO,JACK WHITE,2014,ROCK,1,-1.0,-1.0,-1.0,-1.0,-1.0,-1.0,-1.0
170,LET IT GO,IDINA MENZEL,2014,COMPOSING/ARRANGING,1,0.485,0.543,136.961,0.371,5.0,33.0,23.96969696969697
171,LET'S GET IT STARTED,THE BLACK EYED PEAS,2004,RAP,1,0.547,0.803,137.93,0.802,21.0,20.0,38.1
172,LETTER TO ME,BRAD PAISLEY,2008,COUNTRY,1,0.492,0.532,79.242,0.366,40.0,20.0,60.3
173,LITTLE GHETTO BOY,LALAH HATHAWAY,2015,R&B,1,-1.0,-1.0,-1.0,-1.0,-1.0,-1.0,-1.0
174,LITTLE THINGS,INDIAARIE,2002,R&B,1,-1.0,-1.0,-1.0,-1.0,-1.0,-1.0,-1.0
175,LIVE LIKE YOU WERE DYING,TIM MCGRAW,2004,COUNTRY,2,0.546,0.416,159.929,0.418,29.0,23.0,38.91304347826087
176,LOLLIPOP,LIL WAYNE ,2008,RAP,1,0.428,0.829,148.075,0.45,1.0,28.0,14.321428571428571
177,LONELY BOY,THE BLACK KEYS,2012,ROCK,2,0.872,0.356,166.3,0.607,64.0,20.0,80.75
178,LOSE YOURSELF,EMINEM,2003,RAP,2,0.735,0.684,171.383,0.06,1.0,23.0,10.565217391304348
179,LOVE OF MY LIFE (AN ODE TO HIP HOP),ERYKAH BADU ,2002,R&B,1,-1.0,-1.0,-1.0,-1.0,-1.0,-1.0,-1.0
180,LOVE ON TOP,BEYONCÉ,2012,R&B,1,-1.0,-1.0,-1.0,-1.0,-1.0,-1.0,-1.0
181,LOVESTONED/I THINK SHE KNOWS,JUSTIN TIMBERLAKE,2007,DANCE/ELECTRONIC MUSIC,1,-1.0,-1.0,-1.0,-1.0,-1.0,-1.0,-1.0
182,LOYALTY.,KENDRICK LAMAR ,2017,RAP,1,0.535,0.658,110.684,0.419,14.0,26.0,50.73076923076923
183,LUCKY,COURTNEY JOHN,2009,POP,1,-1.0,-1.0,-1.0,-1.0,-1.0,-1.0,-1.0
184,MAKE IT MINE,JASON MRAZ,2009,POP,1,-1.0,-1.0,-1.0,-1.0,-1.0,-1.0,-1.0
185,MAKES ME WONDER,MAROON 5,2007,POP,1,0.851,0.803,113.996,0.881,1.0,26.0,23.695652173913043
186,MAN! I FEEL LIKE A WOMAN!,SHANIA TWAIN,1999,COUNTRY,1,0.889,0.664,124.986,0.729,23.0,28.0,56.13333333333333
187,MARIA MARIA,SANTANA,1999,POP,1,0.601,0.777,97.911,0.68,1.0,26.0,10.5
188,MASSEDUCTION,ST VINCENT,2018,ROCK,1,-1.0,-1.0,-1.0,-1.0,-1.0,-1.0,-1.0
189,MEAN,TAYLOR SWIFT,2011,COUNTRY,2,0.761,0.568,163.974,0.789,11.0,20.0,46.2
190,MESSENGERS,LECRAE ,2014,GOSPEL/CONTEMPORARY CHRISTIAN MUSIC,1,-1.0,-1.0,-1.0,-1.0,-1.0,-1.0,-1.0
191,MILES BEYOND,JOHN MCLAUGHLIN,2017,JAZZ,1,-1.0,-1.0,-1.0,-1.0,-1.0,-1.0,-1.0
192,MISS INDEPENDENT,NE YO,2008,R&B,2,0.683,0.673,171.86,0.713,7.0,28.0,21.785714285714285
193,MONEY MAKER,LUDACRIS ,2006,RAP,1,0.598,0.551,78.756,0.612,1.0,25.0,22.91304347826087
194,MS. JACKSON,OUTKAST,2001,RAP,1,0.806,0.843,94.948,0.613,1.0,23.0,17.0
195,MY APOCALYPSE,METALLICA,2008,ROCK,1,0.993,0.262,199.915,0.279,100.0,1.0,67.0
196,MY BOO,USHER,2004,R&B,1,0.507,0.662,86.412,0.676,1.0,26.0,9.0
197,MY CHURCH,MAREN MORRIS,2016,COUNTRY,1,0.683,0.576,76.971,0.39,50.0,20.0,61.1
198,MY HUMPS,THE BLACK EYED PEAS,2006,POP,1,0.682,0.801,123.95,0.586,3.0,36.0,19.285714285714285
199,MY NAME IS,EMINEM,1999,RAP,1,-1.0,-1.0,-1.0,-1.0,-1.0,-1.0,-1.0
200,N****S IN PARIS,LIANNE LA HAVAS,2012,RAP,1,-1.0,-1.0,-1.0,-1.0,-1.0,-1.0,-1.0
201,NEED YOU NOW,LADY ANTEBELLUM,2010,GENERAL,2,0.659,0.587,123.976,0.29,2.0,60.0,24.1
202,NEVER ALONE,TORI KELLY ,2018,GOSPEL/CONTEMPORARY CHRISTIAN MUSIC,1,-1.0,-1.0,-1.0,-1.0,-1.0,-1.0,-1.0
203,NEVER HAVE TO BE ALONE,CECE WINANS,2017,GOSPEL/CONTEMPORARY CHRISTIAN MUSIC,1,-1.0,-1.0,-1.0,-1.0,-1.0,-1.0,-1.0
204,NEW FANG,THEM CROOKED VULTURES,2010,ROCK,1,-1.0,-1.0,-1.0,-1.0,-1.0,-1.0,-1.0
205,NEXT BIG THING,VINCE GILL,2003,COUNTRY,1,-1.0,-1.0,-1.0,-1.0,-1.0,-1.0,-1.0
206,NO GREATER LOVE,SMOKIE NORFUL,2014,GOSPEL/CONTEMPORARY CHRISTIAN MUSIC,1,-1.0,-1.0,-1.0,-1.0,-1.0,-1.0,-1.0
207,NO ONE,ALICIA KEYS,2007,R&B,2,0.549,0.644,90.04,0.167,1.0,39.0,12.64102564102564
208,NO PROBLEM,CHANCE THE RAPPER ,2016,RAP,1,0.795,0.652,135.018,0.788,43.0,26.0,75.88461538461539
209,NOT AFRAID,EMINEM,2010,RAP,1,,,,,1.0,25.0,14.6
210,NOT READY TO MAKE NICE,DIXIE CHICKS,2006,GENERAL,2,,,,,4.0,24.0,61.583333333333336
211,ON TO THE NEXT ONE,CASSIDY,2010,RAP,1,-1.0,-1.0,-1.0,-1.0,-1.0,-1.0,-1.0
212,ONLY GIRL (IN THE WORLD),RIHANNA,2010,DANCE/ELECTRONIC MUSIC,1,0.706,0.789,125.911,0.638,1.0,27.0,16.25925925925926
213,ORBITS,WAYNE SHORTER,2013,JAZZ,1,-1.0,-1.0,-1.0,-1.0,-1.0,-1.0,-1.0
214,ORDINARY PEOPLE,JOHN LEGEND,2005,R&B,1,0.731,0.475,79.148,0.527,24.0,20.0,42.6
215,OTIS,JAY Z,2011,RAP,1,0.631,0.754,94.577,0.432,12.0,20.0,50.7
216,PEARLS,BAND OF SKULLS,2009,R&B,1,-1.0,-1.0,-1.0,-1.0,-1.0,-1.0,-1.0
217,PLEASE COME HOME,GARY CLARK JR,2013,R&B,1,-1.0,-1.0,-1.0,-1.0,-1.0,-1.0,-1.0
218,PLEASE READ THE LETTER,ALISON KRAUSS,2007,GENERAL,1,-1.0,-1.0,-1.0,-1.0,-1.0,-1.0,-1.0
219,POKER FACE,LADY GAGA,2009,DANCE/ELECTRONIC MUSIC,1,0.806,0.851,118.999,0.787,1.0,40.0,22.95
220,PONTOON,LITTLE BIG TOWN,2012,COUNTRY,1,0.757,0.232,78.665,0.436,22.0,20.0,39.25
221,PRETTY WINGS,MAXWELL,2009,R&B,1,0.402,0.563,115.561,0.2,33.0,23.0,55.78260869565217
222,PUT YOUR LIGHTS ON,SANTANA ,1999,ROCK,1,-1.0,-1.0,-1.0,-1.0,-1.0,-1.0,-1.0
223,RADIO NOWHERE,BRUCE SPRINGSTEEN,2007,ROCK,1,-1.0,-1.0,-1.0,-1.0,-1.0,-1.0,-1.0
224,RADIOACTIVE,IMAGINE DRAGONS,2013,ROCK,1,0.784,0.448,136.245,0.236,3.0,87.0,32.81609195402299
225,RATHER BE,CLEAN BANDIT ,2014,DANCE/ELECTRONIC MUSIC,1,0.586,0.799,120.97,0.549,10.0,31.0,29.06451612903226
226,REALLY LOVE,D'ANGELO,2015,R&B,1,-1.0,-1.0,-1.0,-1.0,-1.0,-1.0,-1.0
227,REDBONE,CHILDISH GAMBINO,2017,R&B,1,0.347,0.743,160.143,0.572,12.0,44.0,45.68181818181818
228,REDNECK WOMAN,GRETCHEN WILSON,2004,COUNTRY,1,0.825,0.499,185.069,0.753,22.0,20.0,45.75
229,REHAB,AMY WINEHOUSE,2007,POP,1,0.558,0.407,71.815,0.777,9.0,20.0,44.7
230,RICH WOMAN,ALISON KRAUSS,2008,POP,1,-1.0,-1.0,-1.0,-1.0,-1.0,-1.0,-1.0
231,RIDIN,CHAMILLIONAIRE ,2006,RAP,1,0.613,0.791,143.017,0.896,1.0,31.0,23.79310344827586
232,ROLLING IN THE DEEP,ADELE,2011,GENERAL,2,0.457,0.799,105.006,0.528,1.0,65.0,24.723076923076924
233,ROYALS,LORDE,2013,POP,1,0.428,0.674,84.878,0.337,1.0,44.0,18.522727272727273
234,RUN,BRYSON TILLER,2017,ROCK,1,0.756,0.646,193.88,0.602,100.0,1.0,91.0
235,RUN THIS TOWN,JAY Z,2009,RAP,1,0.924,0.632,86.844,0.441,2.0,23.0,19.043478260869566
236,SAY,JOHN MAYER,2008,POP,1,0.9,0.683,117.036,0.962,12.0,28.0,49.0
237,SAY MY NAME,DESTINY'S CHILD,2000,R&B,1,0.678,0.713,138.009,0.734,1.0,32.0,20.612903225806452
238,SAY SOMETHING,A GREAT BIG WORLD,2014,POP,1,0.146,0.453,137.905,0.0915,4.0,26.0,14.576923076923077
239,SCAR TISSUE,RED HOT CHILI PEPPERS,1999,ROCK,1,0.717,0.595,88.969,0.547,9.0,29.0,21.347826086956523
240,SCARY MONSTERS AND NICE SPRITES,SKRILLEX,2011,DANCE/ELECTRONIC MUSIC,1,0.944,0.523,139.997,0.324,69.0,14.0,85.64285714285714
241,SCHISM,TOOL,2001,ROCK,1,0.714,0.567,107.441,0.191,67.0,20.0,74.35
242,SCREAM A.K.A. ITCHIN',MISSY ELLIOTT,2001,RAP,1,-1.0,-1.0,-1.0,-1.0,-1.0,-1.0,-1.0
243,SEE THAT MY GRAVE IS KEPT CLEAN,MAVIS STAPLES,2015,AMERICAN ROOTS MUSIC,1,-1.0,-1.0,-1.0,-1.0,-1.0,-1.0,-1.0
244,SET FIRE TO THE RAIN [LIVE],ADELE,2017,POP,1,0.67,0.603,107.993,0.446,1.0,43.0,36.44186046511628
245,SEVEN NATION ARMY,THE WHITE STRIPES,2003,ROCK,1,0.446,0.743,123.596,0.278,76.0,20.0,82.25
246,SEXY BACK,DJ NASTY,2006,DANCE/ELECTRONIC MUSIC,1,-1.0,-1.0,-1.0,-1.0,-1.0,-1.0,-1.0
247,SHAKE YA TAILFEATHER,MURPHY LEE,2003,RAP,1,0.733,0.715,87.665,0.897,1.0,30.0,17.74074074074074
248,SHALLOW,LADY GAGA,2018,POP,1,0.385,0.572,95.799,0.323,1.0,39.0,23.128205128205128
249,SHAPE OF YOU,ED SHEERAN,2017,POP,1,0.652,0.825,95.977,0.931,1.0,59.0,11.310344827586206
250,SHE WALKS THIS EARTH (SOBERANA ROSA),STING,2000,POP,1,-1.0,-1.0,-1.0,-1.0,-1.0,-1.0,-1.0
251,SHINE,DOLLY PARTON,2001,COUNTRY,1,-1.0,-1.0,-1.0,-1.0,-1.0,-1.0,-1.0
252,SHINE,JOHN LENNON,2010,R&B,1,0.829,0.412,191.476,0.677,9.0,25.0,24.72
253,SINCE U BEEN GONE,KELLY CLARKSON,2005,POP,1,0.741,0.662,131.0,0.404,2.0,46.0,20.8
254,SINGLE LADIES (PUT A RING ON IT),BEYONCÉ,2009,R&B,2,-1.0,-1.0,-1.0,-1.0,-1.0,-1.0,-1.0
255,SLITHER,VELVET REVOLVER,2004,ROCK,1,0.974,0.478,141.077,0.268,56.0,20.0,66.47368421052632
256,SMOOTH,SANTANA ,1999,GENERAL,1,0.923,0.609,115.996,0.961,1.0,58.0,17.859649122807017
257,SMOOTH,SANTANA ,1999,POP,1,0.923,0.609,115.996,0.961,1.0,58.0,17.859649122807017
258,SO AMAZING,50 CENT,2005,R&B,1,-1.0,-1.0,-1.0,-1.0,-1.0,-1.0,-1.0
259,SOLDIER OF LOVE,SADE,2010,R&B,1,0.95,0.498,192.563,0.889,52.0,11.0,72.72727272727273
260,SOLITARY MAN,JOHNNY CASH,2000,COUNTRY,1,-1.0,-1.0,-1.0,-1.0,-1.0,-1.0,-1.0
261,SOMEBODY THAT I USED TO KNOW,GOTYE ,2012,POP,1,0.495,0.864,129.062,0.72,1.0,59.0,21.74576271186441
262,SOMEONE LIKE YOU,ADELE,2011,POP,1,0.319,0.556,135.187,0.294,1.0,39.0,21.615384615384617
263,SOMETHING,SNARKY PUPPY WITH LALAH HATHAWAY,2013,R&B,1,-1.0,-1.0,-1.0,-1.0,-1.0,-1.0,-1.0
264,SOMETHING IN THE WATER,CARRIE UNDERWOOD,2014,COUNTRY,1,0.893,0.451,139.763,0.0971,24.0,20.0,47.35
265,SOMETIMES YOU CAN'T MAKE IT ON YOUR OWN,U2,2005,ROCK,1,0.597,0.53,96.0,0.346,97.0,3.0,98.33333333333333
266,SOUTHSIDE,COMMON ,2007,RAP,1,-1.0,-1.0,-1.0,-1.0,-1.0,-1.0,-1.0
267,SPACE COWBOY,KACEY MUSGRAVES,2018,COUNTRY,1,-1.0,-1.0,-1.0,-1.0,-1.0,-1.0,-1.0
268,ST. ANGER,METALLICA,2003,ROCK,1,-1.0,-1.0,-1.0,-1.0,-1.0,-1.0,-1.0
269,STAY,SUGARLAND,2008,COUNTRY,1,0.284,0.549,135.632,0.389,32.0,20.0,50.55
270,STAY WITH ME (DARKCHILD VERSION),SAM SMITH,2014,GENERAL,2,0.42,0.418,84.094,0.184,2.0,54.0,23.35185185185185
271,STAY WITH ME (BY THE SEA),JOHN LEGEND,2008,R&B,1,-1.0,-1.0,-1.0,-1.0,-1.0,-1.0,-1.0
272,STAYING POWER,BARRY WHITE,1999,R&B,1,-1.0,-1.0,-1.0,-1.0,-1.0,-1.0,-1.0
273,STEVE MCQUEEN,SHERYL CROW,2002,ROCK,1,0.893,0.555,169.966,0.762,88.0,5.0,91.2
274,STRESSED OUT,TWENTY ONE PILOTS,2016,POP,1,0.637,0.734,169.977,0.648,2.0,52.0,29.423076923076923
275,STRONGER,KANYE WEST,2007,RAP,1,0.717,0.617,103.992,0.49,1.0,27.0,14.166666666666666
276,STUCK IN A MOMENT YOU CAN'T GET OUT OF,U2,2001,POP,1,0.0357,0.492,90.787,0.264,52.0,20.0,65.75
277,STUPID BOY,KEITH URBAN,2007,COUNTRY,1,0.609,0.5,145.884,0.562,43.0,20.0,62.15
278,SULTAN’S CURSE,MASTODON,2017,ROCK,1,-1.0,-1.0,-1.0,-1.0,-1.0,-1.0,-1.0
279,SUNRISE,NORAH JONES,2004,POP,1,-1.0,-1.0,-1.0,-1.0,-1.0,-1.0,-1.0
280,SUPERWOMAN,ALICIA KEYSS,2008,R&B,1,0.266,0.427,155.675,0.261,82.0,7.0,90.57142857142857
281,SWAGGA LIKE US,T.I.,2008,RAP,1,-1.0,-1.0,-1.0,-1.0,-1.0,-1.0,-1.0
282,SWEET CHILD O' MINE,SHERYL CROW,1999,ROCK,1,-1.0,-1.0,-1.0,-1.0,-1.0,-1.0,-1.0
283,SWEET THING,KEITH URBAN,2009,COUNTRY,1,0.521,0.606,93.163,0.621,30.0,20.0,57.05
284,TEQUILA,DAN   SHAY,2018,COUNTRY,1,-1.0,-1.0,-1.0,-1.0,-1.0,-1.0,-1.0
285,THAT'S WHAT I LIKE,BRUNO MARS,2017,R&B,2,0.56,0.853,134.066,0.86,1.0,52.0,18.058823529411764
286,THE CLOSER I GET TO YOU,LUTHER VANDROSS,2003,R&B,1,-1.0,-1.0,-1.0,-1.0,-1.0,-1.0,-1.0
287,THE CONNECTION,EMMYLOU HARRIS,2005,COUNTRY,1,-1.0,-1.0,-1.0,-1.0,-1.0,-1.0,-1.0
288,THE GAME OF LOVE,SANTANA,2002,POP,1,0.929,0.59,119.818,0.674,5.0,37.0,22.916666666666668
289,THE HOUSE THAT BUILT ME,MIRANDA LAMBERT,2010,COUNTRY,1,0.946,0.286,182.851,0.2,28.0,20.0,46.9
290,THE JOKE,BRANDI CARLILE,2018,AMERICAN ROOTS MUSIC,2,-1.0,-1.0,-1.0,-1.0,-1.0,-1.0,-1.0
291,THE LAST IN LINE,TENACIOUS D,2014,ROCK,1,-1.0,-1.0,-1.0,-1.0,-1.0,-1.0,-1.0
292,THE LUCKY ONE,ALISON KRAUSS & UNION STATION,2001,COUNTRY,1,-1.0,-1.0,-1.0,-1.0,-1.0,-1.0,-1.0
293,THE PRETENDER,FOO FIGHTERS,2007,ROCK,1,0.959,0.433,172.984,0.365,37.0,20.0,57.55
294,THE REAL SLIM SHADY,EMINEM,2000,RAP,1,0.661,0.949,104.504,0.76,4.0,19.0,34.44444444444444
295,THE REASON WHY,VINCE GILL,2006,COUNTRY,1,-1.0,-1.0,-1.0,-1.0,-1.0,-1.0,-1.0
296,THE RISING,BRUCE SPRINGSTEEN,2002,ROCK,2,0.761,0.499,110.186,0.326,52.0,11.0,71.9090909090909
297,THE WHOLE WORLD,OUTKAST ,2002,RAP,1,0.852,0.814,184.682,0.717,19.0,20.0,32.0
298,THERE GOES MY BABY,USHER,2010,R&B,1,0.52,0.626,77.468,0.257,25.0,25.0,53.4
299,THERE GOES THE NEIGHBORHOOD,SHERYL CROW,2000,ROCK,1,-1.0,-1.0,-1.0,-1.0,-1.0,-1.0,-1.0
300,THINKING OUT LOUD,ED SHEERAN,2015,POP,1,0.445,0.781,78.998,0.591,2.0,58.0,24.74137931034483
301,THINKING OUT LOUD,BOYCE AVENUE,2015,GENERAL,1,-1.0,-1.0,-1.0,-1.0,-1.0,-1.0,-1.0
302,THRIFT SHOP,KIDZ BOP KIDS,2013,RAP,1,-1.0,-1.0,-1.0,-1.0,-1.0,-1.0,-1.0
303,THY WILL,HILLARY SCOTT & THE SCOTT FAMILY,2016,GOSPEL/CONTEMPORARY CHRISTIAN MUSIC,1,-1.0,-1.0,-1.0,-1.0,-1.0,-1.0,-1.0
304,TONITE,LCD SOUNDSYSTEM,2017,DANCE/ELECTRONIC MUSIC,1,-1.0,-1.0,-1.0,-1.0,-1.0,-1.0,-1.0
305,TOXIC,BRITNEY SPEARS,2004,DANCE/ELECTRONIC MUSIC,1,0.847,0.774,143.011,0.923,9.0,20.0,24.4
306,TRAVELLER,CHRIS STAPLETON,2015,COUNTRY,1,0.75,0.543,88.107,0.758,100.0,1.0,87.0
307,TROUBLE,PINK,2003,ROCK,1,-1.0,-1.0,-1.0,-1.0,-1.0,-1.0,-1.0
308,UNDERNEATH IT ALL,NO DOUBT,2003,POP,1,0.376,0.748,99.899,0.319,3.0,30.0,21.366666666666667
309,UNTITLED (HOW DOES IT FEEL),D'ANGELO,2000,R&B,1,0.304,0.838,112.618,0.221,25.0,17.0,47.411764705882355
310,UPTOWN FUNK,MARK RONSON ,2015,POP,1,-1.0,-1.0,-1.0,-1.0,-1.0,-1.0,-1.0
311,USE SOMEBODY,KINGS OF LEON,2009,ROCK,1,0.715,0.276,137.028,0.173,4.0,57.0,34.64912280701754
312,VERTIGO,U2,2004,ROCK,1,0.819,0.416,140.083,0.632,31.0,20.0,39.8
313,VIVA LA VIDA,COLDPLAY,2008,POP,1,0.617,0.486,138.015,0.417,1.0,51.0,21.03921568627451
314,WAGON WHEEL,DARIUS RUCKER,2013,COUNTRY,1,0.66,0.537,148.096,0.574,15.0,26.0,37.80769230769231
315,WAITING ON THE WORLD TO CHANGE,JOHN MAYER,2006,POP,1,0.756,0.578,176.739,0.663,14.0,40.0,30.875
316,WALK,FOO FIGHTERS,2011,ROCK,2,0.865,0.234,137.107,0.194,83.0,13.0,90.84615384615384
317,WALK ON,U2,2001,GENERAL,1,-1.0,-1.0,-1.0,-1.0,-1.0,-1.0,-1.0
318,WANNA BE HAPPY?,KIRK FRANKLIN,2015,GOSPEL/CONTEMPORARY CHRISTIAN MUSIC,1,-1.0,-1.0,-1.0,-1.0,-1.0,-1.0,-1.0
319,WAR MACHINE,AC/DC,2009,ROCK,1,-1.0,-1.0,-1.0,-1.0,-1.0,-1.0,-1.0
320,WAX SIMULACRA,THE MARS VOLTA,2008,ROCK,1,-1.0,-1.0,-1.0,-1.0,-1.0,-1.0,-1.0
321,WE BELONG TOGETHER,MARIAH CAREY,2005,R&B,2,0.462,0.837,139.986,0.762,1.0,43.0,18.511627906976745
322,WE ARE YOUNG,FUN ,2012,GENERAL,1,-1.0,-1.0,-1.0,-1.0,-1.0,-1.0,-1.0
323,WELCOME TO JAMROCK,DAMIAN MARLEY,2005,R&B,1,-1.0,-1.0,-1.0,-1.0,-1.0,-1.0,-1.0
324,WHAT GOES AROUND...COMES AROUND,JUSTIN TIMBERLAKE,2007,POP,1,-1.0,-1.0,-1.0,-1.0,-1.0,-1.0,-1.0
325,WHAT A BEAUTIFUL NAME,HILLSONG WORSHIP,2017,GOSPEL/CONTEMPORARY CHRISTIAN MUSIC,1,-1.0,-1.0,-1.0,-1.0,-1.0,-1.0,-1.0
326,WHAT YOU KNOW,TI.,2006,RAP,1,-1.0,-1.0,-1.0,-1.0,-1.0,-1.0,-1.0
327,WHENEVER I SAY YOUR NAME,STING,2003,POP,1,-1.0,-1.0,-1.0,-1.0,-1.0,-1.0,-1.0
328,WHIPLASH,MOTÖRHEAD,2004,ROCK,1,-1.0,-1.0,-1.0,-1.0,-1.0,-1.0,-1.0
329,WHISKEY IN THE JAR,METALLICA,1999,ROCK,1,-1.0,-1.0,-1.0,-1.0,-1.0,-1.0,-1.0
330,WHITE HORSE,TAYLOR SWIFT,2009,COUNTRY,2,0.34,0.578,92.702,0.223,13.0,22.0,38.22727272727273
331,WHO LET THE DOGS OUT,BAHA MEN,2000,POP,1,0.887,0.869,129.221,0.784,40.0,20.0,62.73684210526316
332,WITH ARMS WIDE OPEN,CREED,1999,ROCK,1,0.539,0.41,138.852,0.141,1.0,47.0,34.5
333,WOMAN,WOLFMOTHER,2006,ROCK,1,-1.0,-1.0,-1.0,-1.0,-1.0,-1.0,-1.0
334,WORK IT,MISSY ELLIOTT,2003,RAP,1,-1.0,-1.0,-1.0,-1.0,-1.0,-1.0,-1.0
335,YOU'LL THINK OF ME,KEITH URBAN,2002,COUNTRY,1,0.49,0.581,82.881,0.454,24.0,20.0,46.6
336,A CHANGE IS GONNA COME,HERBIE HANCOCK,2010,JAZZ,1,-1.0,-1.0,-1.0,-1.0,-1.0,-1.0,-1.0
337,A FEATHER'S NOT A BIRD,"ROSANNE CASH, ARTIST",2014,AMERICAN ROOTS MUSIC,1,-1.0,-1.0,-1.0,-1.0,-1.0,-1.0,-1.0
338,A MILLI,LIL WAYNE,2008,RAP,1,0.695,0.674,151.486,0.773,6.0,23.0,24.17391304347826
339,ALL MY LIFE,FOO FIGHTERS,2002,ROCK,1,0.687,0.447,178.051,0.568,43.0,20.0,59.85
340,ALL FOR YOU,JANET JACKSON,2001,POP,1,0.934,0.753,113.525,0.73,1.0,22.0,12.954545454545455
341,ALL OF THE LIGHTS,EVIL EMPIRE,2011,RAP,1,-1.0,-1.0,-1.0,-1.0,-1.0,-1.0,-1.0
342,I,KENDRICK LAMAR,2014,RAP,2,0.768,0.892,103.003,0.566,72.0,7.0,87.28571428571429
343,I GOTTA FEELING,THE BLACK EYED PEAS,2009,POP,1,0.695,0.71,127.938,0.697,1.0,56.0,18.267857142857142
344,I HOPE YOU DANCE,LEE ANN WOMACK,2000,COUNTRY,1,0.443,0.385,151.278,0.275,14.0,48.0,35.645833333333336
345,I SEE THE LIGHT (FROM TANGLED),MANDY MOORE,2011,COMPOSING/ARRANGING,1,-1.0,-1.0,-1.0,-1.0,-1.0,-1.0,-1.0
346,I TRY,MACY GRAY,2000,POP,1,0.642,0.593,76.403,0.736,5.0,27.0,21.666666666666668
347,I WILL REMEMBER YOU,SARAH MCLACHLAN,1999,POP,1,0.173,0.473,83.372,0.286,14.0,40.0,24.25
348,O DEATH,RALPH STANLEY,2001,COUNTRY,1,-1.0,-1.0,-1.0,-1.0,-1.0,-1.0,-1.0
349,THIS LOVE,MAROON 5,2005,POP,1,0.862,0.712,95.051,0.809,5.0,43.0,20.953488372093023
350,THIS IS AMERICA,CHILDISH GAMBINO,2018,RAP,1,0.463,0.854,120.024,0.549,1.0,17.0,38.64705882352941
351,U DON'T HAVE TO CALL,USHER,2002,R&B,1,0.568,0.793,100.005,0.806,3.0,26.0,20.52
352,U REMIND ME,USHER,2001,R&B,1,0.629,0.657,93.985,0.726,1.0,24.0,13.458333333333334
353,WHEN BAD DOES GOOD,CHRIS CORNELL,2018,ROCK,1,-1.0,-1.0,-1.0,-1.0,-1.0,-1.0,-1.0
354,WHERE WERE YOU (WHEN THE WORLD STOPPED TURNING),ALAN JACKSON,2002,COUNTRY,1,-1.0,-1.0,-1.0,-1.0,-1.0,-1.0,-1.0
355,WHERE ARE Ü NOW,SKRILLEX AND DIPLO WITH JUSTIN BIEBER,2015,DANCE/ELECTRONIC MUSIC,1,-1.0,-1.0,-1.0,-1.0,-1.0,-1.0,-1.0
356,YOU DON'T KNOW MY NAME,ALICIA KEYS,2004,R&B,1,0.663,0.264,167.078,0.249,3.0,20.0,16.473684210526315
357,YOU GOT ME,THE ROOTS ,1999,RAP,1,-1.0,-1.0,-1.0,-1.0,-1.0,-1.0,-1.0
358,YOU SAY,LAUREN DAIGLE,2018,GOSPEL/CONTEMPORARY CHRISTIAN MUSIC,1,0.632,0.494,147.873,0.0797,29.0,43.0,52.395348837209305
359,YOU WANT IT DARKER,LEONARD COHEN,2017,ROCK,1,-1.0,-1.0,-1.0,-1.0,-1.0,-1.0,-1.0
360,YOUR BODY IS A WONDERLAND,JOHN MAYER,2001,POP,1,0.729,0.647,94.01,0.687,18.0,29.0,29.620689655172413
